"cv_rmse","cv_r2","cv_mae","test_rmse","test_r2","test_mae"
0.07019867126414,0.768401754438735,0.0402241679564118,0.0545296675236485,0.877816391985884,0.0413662020747478
